{"cameraMode":{"drawMode":0,"name":"Shaded","section":"Shading Mode"},"sceneLighting":false,"audioPlay":false,"sceneViewState":{"showFog":true,"showMaterialUpdate":true,"showSkybox":false,"showFlares":true,"showImageEffects":true,"showParticleSystems":true},"in2DMode":false,"pivot":{"x":10.0,"y":0.5099999904632568,"z":38.099998474121097},"rotation":{"x":-0.3612227141857147,"y":-0.4859907329082489,"z":0.2304682433605194,"w":-0.7617277503013611},"size":22.161922454833986,"orthographic":false}