{"cameraMode":{"drawMode":0,"name":"Shaded","section":"Shading Mode"},"sceneLighting":false,"audioPlay":false,"sceneViewState":{"showFog":true,"showMaterialUpdate":true,"showSkybox":false,"showFlares":true,"showImageEffects":true,"showParticleSystems":true},"in2DMode":false,"pivot":{"x":-0.04281878471374512,"y":4.099999904632568,"z":0.17330169677734376},"rotation":{"x":-0.11107980459928513,"y":-0.002388216555118561,"z":0.0002669194363988936,"w":-0.9938085079193115},"size":0.8660253882408142,"orthographic":false}