{"cameraMode":{"drawMode":0,"name":"Shaded","section":"Shading Mode"},"sceneLighting":false,"audioPlay":false,"sceneViewState":{"showFog":true,"showMaterialUpdate":true,"showSkybox":false,"showFlares":true,"showImageEffects":true,"showParticleSystems":true},"in2DMode":false,"pivot":{"x":10.005000114440918,"y":1.0550000667572022,"z":38.0},"rotation":{"x":-0.12353508919477463,"y":0.1942635476589203,"z":-0.024668816477060319,"w":-0.9728279709815979},"size":27.419532775878908,"orthographic":false}