{"cameraMode":{"drawMode":0,"name":"Shaded","section":"Shading Mode"},"sceneLighting":false,"audioPlay":false,"sceneViewState":{"showFog":true,"showMaterialUpdate":true,"showSkybox":false,"showFlares":true,"showImageEffects":true,"showParticleSystems":true},"in2DMode":false,"pivot":{"x":6.570000171661377,"y":0.48899996280670168,"z":7.019999980926514},"rotation":{"x":0.1298767626285553,"y":0.3960500955581665,"z":0.05671336501836777,"w":-0.907278835773468},"size":0.5660253763198853,"orthographic":false}