{"cameraMode":{"drawMode":0,"name":"Shaded","section":"Shading Mode"},"sceneLighting":false,"audioPlay":false,"sceneViewState":{"showFog":true,"showMaterialUpdate":true,"showSkybox":false,"showFlares":true,"showImageEffects":true,"showParticleSystems":true},"in2DMode":false,"pivot":{"x":-0.04281917214393616,"y":5.118568420410156,"z":0.17364054918289185},"rotation":{"x":-0.18074095249176026,"y":0.028612006455659868,"z":-0.005264234263449907,"w":-0.9831493496894836},"size":1.278618335723877,"orthographic":false}