{"cameraMode":{"drawMode":0,"name":"Shaded","section":"Shading Mode"},"sceneLighting":false,"audioPlay":false,"sceneViewState":{"showFog":true,"showMaterialUpdate":true,"showSkybox":false,"showFlares":true,"showImageEffects":true,"showParticleSystems":true},"in2DMode":false,"pivot":{"x":5.0,"y":1.7000000476837159,"z":8.270000457763672},"rotation":{"x":-0.16203320026397706,"y":0.5576958060264587,"z":-0.11206989735364914,"w":-0.8063316941261292},"size":1.8247449398040772,"orthographic":false}