{"cameraMode":{"drawMode":0,"name":"Shaded","section":"Shading Mode"},"sceneLighting":false,"audioPlay":false,"sceneViewState":{"showFog":true,"showMaterialUpdate":true,"showSkybox":false,"showFlares":true,"showImageEffects":true,"showParticleSystems":true},"in2DMode":false,"pivot":{"x":9.034366607666016,"y":3.450016975402832,"z":-1.3911046981811524},"rotation":{"x":0.0033296127803623678,"y":0.9887546896934509,"z":-0.02256433106958866,"w":0.14821749925613404},"size":7.232463836669922,"orthographic":false}