{"cameraMode":{"drawMode":0,"name":"Shaded","section":"Shading Mode"},"sceneLighting":false,"audioPlay":false,"sceneViewState":{"showFog":true,"showMaterialUpdate":true,"showSkybox":false,"showFlares":true,"showImageEffects":true,"showParticleSystems":true},"in2DMode":false,"pivot":{"x":5.568103790283203,"y":2.4836463928222658,"z":4.79803466796875},"rotation":{"x":-0.01779012754559517,"y":-0.9808377027511597,"z":0.1081383004784584,"w":-0.16119810938835145},"size":2.3725340366363527,"orthographic":false}