{"cameraMode":{"drawMode":0,"name":"Shaded","section":"Shading Mode"},"sceneLighting":false,"audioPlay":false,"sceneViewState":{"showFog":false,"showMaterialUpdate":false,"showSkybox":false,"showFlares":false,"showImageEffects":false,"showParticleSystems":false},"in2DMode":false,"pivot":{"x":7.213033199310303,"y":3.2300000190734865,"z":49.900001525878909},"rotation":{"x":-0.1585935801267624,"y":0.4509555399417877,"z":-0.08178166300058365,"w":-0.8745325207710266},"size":22.33453941345215,"orthographic":true}