{"cameraMode":{"drawMode":0,"name":"Shaded","section":"Shading Mode"},"sceneLighting":false,"audioPlay":false,"sceneViewState":{"showFog":true,"showMaterialUpdate":true,"showSkybox":false,"showFlares":true,"showImageEffects":true,"showParticleSystems":true},"in2DMode":false,"pivot":{"x":5.568776607513428,"y":3.458937644958496,"z":4.770890712738037},"rotation":{"x":-0.174909770488739,"y":-0.0038392755668610336,"z":0.0007110830047167838,"w":-0.9846141338348389},"size":1.9202995300292969,"orthographic":false}