{"cameraMode":{"drawMode":0,"name":"Shaded","section":"Shading Mode"},"sceneLighting":true,"audioPlay":false,"sceneViewState":{"showFog":true,"showMaterialUpdate":true,"showSkybox":true,"showFlares":true,"showImageEffects":true,"showParticleSystems":true},"in2DMode":false,"pivot":{"x":2.7940726280212404,"y":2.756723642349243,"z":7.489034652709961},"rotation":{"x":-0.06223888695240021,"y":0.6564783453941345,"z":-0.054485023021698,"w":-0.7498597502708435},"size":13.617632865905762,"orthographic":false}