{"cameraMode":{"drawMode":0,"name":"Shaded","section":"Shading Mode"},"sceneLighting":false,"audioPlay":false,"sceneViewState":{"showFog":true,"showMaterialUpdate":true,"showSkybox":false,"showFlares":true,"showImageEffects":true,"showParticleSystems":true},"in2DMode":false,"pivot":{"x":11.992938041687012,"y":6.91845703125,"z":67.30567932128906},"rotation":{"x":0.005689255893230438,"y":-0.02040174789726734,"z":-0.0001097854838008061,"w":-0.9997919797897339},"size":40.789573669433597,"orthographic":false}