{"cameraMode":{"drawMode":0,"name":"Shaded","section":"Shading Mode"},"sceneLighting":false,"audioPlay":false,"sceneViewState":{"showFog":true,"showMaterialUpdate":true,"showSkybox":false,"showFlares":true,"showImageEffects":true,"showParticleSystems":true},"in2DMode":false,"pivot":{"x":7.917036533355713,"y":2.66926646232605,"z":56.23472213745117},"rotation":{"x":-0.04079900681972504,"y":-0.005398696754127741,"z":0.00022129452554509044,"w":-0.9991663098335266},"size":40.931880950927737,"orthographic":false}