{"cameraMode":{"drawMode":0,"name":"Shaded","section":"Shading Mode"},"sceneLighting":false,"audioPlay":false,"sceneViewState":{"showFog":true,"showMaterialUpdate":true,"showSkybox":false,"showFlares":true,"showImageEffects":true,"showParticleSystems":true},"in2DMode":false,"pivot":{"x":13.373607635498047,"y":9.606916427612305,"z":52.79378128051758},"rotation":{"x":-0.036175984889268878,"y":-0.08325216174125672,"z":0.003022183198481798,"w":-0.9958746433258057},"size":14.434996604919434,"orthographic":false}