{"cameraMode":{"drawMode":0,"name":"Shaded","section":"Shading Mode"},"sceneLighting":false,"audioPlay":false,"sceneViewState":{"showFog":true,"showMaterialUpdate":true,"showSkybox":false,"showFlares":true,"showImageEffects":true,"showParticleSystems":true},"in2DMode":false,"pivot":{"x":5.697531223297119,"y":1.0000038146972657,"z":42.91259765625},"rotation":{"x":-0.3884199857711792,"y":-0.35302048921585085,"z":0.16417737305164338,"w":-0.8351984620094299},"size":31.5249080657959,"orthographic":false}