{"cameraMode":{"drawMode":0,"name":"Shaded","section":"Shading Mode"},"sceneLighting":false,"audioPlay":false,"sceneViewState":{"showFog":true,"showMaterialUpdate":true,"showSkybox":false,"showFlares":true,"showImageEffects":true,"showParticleSystems":true},"in2DMode":false,"pivot":{"x":8.127367973327637,"y":15.324783325195313,"z":42.59457778930664},"rotation":{"x":-0.04975636675953865,"y":0.036543916910886767,"z":-0.0018227417021989823,"w":-0.9980984926223755},"size":30.97771644592285,"orthographic":false}