{"cameraMode":{"drawMode":0,"name":"Shaded","section":"Shading Mode"},"sceneLighting":false,"audioPlay":false,"sceneViewState":{"showFog":true,"showMaterialUpdate":false,"showSkybox":false,"showFlares":true,"showImageEffects":true,"showParticleSystems":true},"in2DMode":false,"pivot":{"x":15.307883262634278,"y":2.3910841941833498,"z":43.951148986816409},"rotation":{"x":0.3790435791015625,"y":-0.3082978129386902,"z":0.13557709753513337,"w":0.861923336982727},"size":8.907173156738282,"orthographic":false}