{"cameraMode":{"drawMode":0,"name":"Shaded","section":"Shading Mode"},"sceneLighting":false,"audioPlay":false,"sceneViewState":{"showFog":true,"showMaterialUpdate":false,"showSkybox":false,"showFlares":true,"showImageEffects":true,"showParticleSystems":true},"in2DMode":false,"pivot":{"x":-6.064670562744141,"y":-11.685035705566407,"z":41.251976013183597},"rotation":{"x":0.2535354793071747,"y":-0.3431101441383362,"z":0.09673751890659332,"w":0.899242639541626},"size":23.278297424316408,"orthographic":false}