{"cameraMode":{"drawMode":0,"name":"Shaded","section":"Shading Mode"},"sceneLighting":false,"audioPlay":false,"sceneViewState":{"showFog":true,"showMaterialUpdate":false,"showSkybox":false,"showFlares":true,"showImageEffects":true,"showParticleSystems":true},"in2DMode":false,"pivot":{"x":6.570000171661377,"y":0.48899996280670168,"z":7.019999980926514},"rotation":{"x":0.19093318283557893,"y":-0.04416019842028618,"z":0.008598662912845612,"w":0.9805718064308167},"size":2.0450832843780519,"orthographic":false}