{"cameraMode":{"drawMode":0,"name":"Shaded","section":"Shading Mode"},"sceneLighting":true,"audioPlay":false,"sceneViewState":{"showFog":true,"showMaterialUpdate":false,"showSkybox":true,"showFlares":true,"showImageEffects":true,"showParticleSystems":true},"in2DMode":false,"pivot":{"x":2.172840118408203,"y":5.2354736328125,"z":1.4375},"rotation":{"x":0.008999938145279885,"y":-0.0014999199192970992,"z":0.000013494131053448655,"w":0.9999555349349976},"size":13.545721054077149,"orthographic":true}