{"cameraMode":{"drawMode":0,"name":"Shaded","section":"Shading Mode"},"sceneLighting":true,"audioPlay":false,"sceneViewState":{"showFog":true,"showMaterialUpdate":false,"showSkybox":false,"showFlares":true,"showImageEffects":true,"showParticleSystems":true},"in2DMode":false,"pivot":{"x":9.899998664855957,"y":7.928565502166748,"z":37.684837341308597},"rotation":{"x":-0.05917172506451607,"y":0.15952543914318086,"z":-0.009729184210300446,"w":-0.9854462146759033},"size":29.339859008789064,"orthographic":false}