{"cameraMode":{"drawMode":0,"name":"Shaded","section":"Shading Mode"},"sceneLighting":false,"audioPlay":false,"sceneViewState":{"showFog":true,"showMaterialUpdate":false,"showSkybox":false,"showFlares":true,"showImageEffects":true,"showParticleSystems":true},"in2DMode":false,"pivot":{"x":5.907000541687012,"y":-0.22866706550121308,"z":1.6401009559631348},"rotation":{"x":-0.2712702751159668,"y":-0.14171573519706727,"z":0.04040885344147682,"w":-0.9511997103691101},"size":26.22974967956543,"orthographic":false}