{"cameraMode":{"drawMode":0,"name":"Shaded","section":"Shading Mode"},"sceneLighting":false,"audioPlay":false,"sceneViewState":{"showFog":true,"showMaterialUpdate":false,"showSkybox":false,"showFlares":true,"showImageEffects":true,"showParticleSystems":true},"in2DMode":false,"pivot":{"x":0.04999995231628418,"y":0.5,"z":12.299999237060547},"rotation":{"x":-0.39768895506858828,"y":0.5902661085128784,"z":-0.41326063871383669,"w":-0.5680248141288757},"size":15.835166931152344,"orthographic":false}