{"cameraMode":{"drawMode":0,"name":"Shaded","section":"Shading Mode"},"sceneLighting":false,"audioPlay":false,"sceneViewState":{"showFog":true,"showMaterialUpdate":false,"showSkybox":false,"showFlares":true,"showImageEffects":true,"showParticleSystems":true},"in2DMode":false,"pivot":{"x":0.15000009536743165,"y":-1.090000033378601,"z":14.379999160766602},"rotation":{"x":-0.12009602785110474,"y":0.6434680819511414,"z":-0.10318116098642349,"w":-0.7489352822303772},"size":15.819292068481446,"orthographic":true}