{"cameraMode":{"drawMode":0,"name":"Shaded","section":"Shading Mode"},"sceneLighting":false,"audioPlay":false,"sceneViewState":{"showFog":true,"showMaterialUpdate":false,"showSkybox":false,"showFlares":true,"showImageEffects":true,"showParticleSystems":true},"in2DMode":false,"pivot":{"x":18.301319122314454,"y":8.69257926940918,"z":32.10454559326172},"rotation":{"x":0.05673160031437874,"y":-0.09122490137815476,"z":0.005204578395932913,"w":0.9942095875740051},"size":11.538928031921387,"orthographic":false}