{"cameraMode":{"drawMode":0,"name":"Shaded","section":"Shading Mode"},"sceneLighting":false,"audioPlay":false,"sceneViewState":{"showFog":true,"showMaterialUpdate":false,"showSkybox":false,"showFlares":true,"showImageEffects":true,"showParticleSystems":true},"in2DMode":false,"pivot":{"x":11.479467391967774,"y":-0.440361350774765,"z":19.303741455078126},"rotation":{"x":0.2460334300994873,"y":-0.15704140067100526,"z":0.040571462363004687,"w":0.9556638598442078},"size":23.277339935302736,"orthographic":false}