{"cameraMode":{"drawMode":0,"name":"Shaded","section":"Shading Mode"},"sceneLighting":false,"audioPlay":false,"sceneViewState":{"showFog":true,"showMaterialUpdate":false,"showSkybox":false,"showFlares":true,"showImageEffects":true,"showParticleSystems":true},"in2DMode":false,"pivot":{"x":4.550000190734863,"y":0.44999998807907107,"z":40.23999786376953},"rotation":{"x":0.5095133781433106,"y":0.046934716403484347,"z":-0.02784925512969494,"w":0.858738899230957},"size":54.11236572265625,"orthographic":false}