{"cameraMode":{"drawMode":0,"name":"Shaded","section":"Shading Mode"},"sceneLighting":false,"audioPlay":false,"sceneViewState":{"showFog":true,"showMaterialUpdate":false,"showSkybox":false,"showFlares":true,"showImageEffects":true,"showParticleSystems":true},"in2DMode":false,"pivot":{"x":27.88339614868164,"y":10.644434928894043,"z":32.03123474121094},"rotation":{"x":0.0014806869439780713,"y":0.13221557438373567,"z":-0.0002323119406355545,"w":0.991266667842865},"size":29.68048095703125,"orthographic":false}