{"cameraMode":{"drawMode":0,"name":"Shaded","section":"Shading Mode"},"sceneLighting":false,"audioPlay":false,"sceneViewState":{"showFog":true,"showMaterialUpdate":false,"showSkybox":false,"showFlares":true,"showImageEffects":true,"showParticleSystems":true},"in2DMode":false,"pivot":{"x":-0.04281878471374512,"y":4.099999904632568,"z":0.17330169677734376},"rotation":{"x":0.2516893446445465,"y":-0.3573898673057556,"z":0.10064440220594406,"w":0.8937556743621826},"size":1.7660253047943116,"orthographic":false}